"Auftragskonto";"Buchungstag";"Valutadatum";"Buchungstext";"Verwendungszweck";"Beg�nstigter/Zahlungspflichtiger";"Kontonummer";"BLZ";"Betrag";"W�hrung";"Info"
"73210810";"22.11";"22.11.05";"GELDAUTOMAT";"22.11/17.53UHR 471LEUTE";"GA NR00000213 BLZ67050505 0";"";"67050505";"-1210,00";"EUR";"Umsatz gebucht"
"73210810";"15.11";"14.11.05";"GELDAUTOMAT";"14.11/19.20UHR ZOLLSTOCK EUR     150,00";"GA NR00000139 BLZ37050198 0";"9000481409";"37050198";"-110,00";"EUR";"Umsatz gebucht"
"73210810";"07.11";"05.11.05";"GELDAUTOMAT";"05.11/19.51UHR ZOLLSTOCK EUR00000200,00";"GA NR00000139 BLZ37050198 0";"9000481417";"37050198";"-21300,00";"EUR";"Umsatz gebucht"
"73210810";"03.11";"03.11.05";"LASTSCHRIFT";"340027517648000128030154601 17490490/1280301546";"O2 GERMANY";"225563601";"70040041";"-13,99";"EUR";"Umsatz gebucht"
"73210810";"27.10";"27.10.05";"LOHN/GEHALT";"BEZUEGE    10/05";"adaEUTSsCHLAN 136773220051";"125830000";"60070070";"100000,12";"EUR";"Umsatz gebucht"
"73210810";"25.10";"25.10.05";"SONSTIGER EINZUG";"EC 68111293 21.10 08.38 ME0";"FUELLGRAF & KEUL,  KOELN";"555619501";"37010050";"-20,21";"EUR";"Umsatz gebucht"
"73210810";"25.10";"22.10.05";"GELDAUTOMAT";"22.10/15.57UHR ZOLLSTOCK EUR00000250,00";"GA NR00000139 BLZ37050198 0";"9000411000";"37050198";"-2,00";"EUR";"Umsatz gebucht"
"73210810";"20.10";"20.10.05";"SDIREKT-UEBERWEISUNG";"SERVER-KOSTEN JUNI - OKTOBER DATUM 20.10.2005, 17.54 UHR 1.TAN 289121";"asLLER";"10326774";"50951469";"-1111,93";"EUR";"Umsatz gebucht"
"73210810";"11.10";"11.10.05";"UEBERWEISUNGSGUTSCHRIFT";"DRUCKER ETC";"W. D Held";"73220815";"67050505";"4320,00";"EUR";"Umsatz gebucht"
"73210810";"10.10";"09.10.05";"GELDAUTOMAT";"09.10/14.03UHR 471LEUTE";"GA NR00000213 BLZ67050505 0";"";"67050505";"-120,00";"EUR";"Umsatz gebucht"
"73210810";"06.10";"06.10.05";"LASTSCHRIFT";"MUSICAL DOME ABRECHNUNG PARKGEBUEHREN 15.09 19.33 - 15.09 23.20";"MUSICAL DOM VBG";"41692963";"37050198";"-432312,00";"EUR";"Umsatz gebucht"
